{
<<<<<<< HEAD
    "rmse": 0.6891068924262136,
    "mae": 0.53616021360397,
    "r2": 0.26873022646496525
=======
    "rmse": 0.681195013192319,
    "mae": 0.5385042776572273,
    "r2": 0.2854257616968874
>>>>>>> 55ea5b2aed3847eddd2f4d4ec4ad89eb7846d0f0
}