{
    "rmse": 0.6891068924262136,
    "mae": 0.53616021360397,
    "r2": 0.26873022646496525
}