{
    "rmse": 0.681195013192319,
    "mae": 0.5385042776572273,
    "r2": 0.2854257616968874
}